{
    "mouseover": [
        {
            "selector": "#showInfoBtn",
            "text": ["查看最新吐槽和站内信息"]
        },
		{
            "selector": "#showTalkBtn",
            "text": ["要和我聊天吗？"]
        },
		{
            "selector": "#hideButton",
            "text": ["要说再见了吗？"]
        },
		{
            "selector": "#musicButton",
            "text": ["给页面加点音乐吗？"]
        },
        {
            "selector": "#youduButton",
            "text": ["按钮有毒，癫痫患者不要开启！！！<br>点一下开启，再点一下可以关闭。"]
        },
        {
            "selector": "#huanzhuangButton",
            "text": ["要换一套衣服吗？"]
        },
		{
            "selector": ".itemarticle-tips a",
            "text": ["要看看 {text} 么？"]
        },
        {
            "selector": ".searchbox",
            "text": ["在找什么东西呢，需要帮忙吗？"]
        }
    ],
    "click": [
        {
            "selector": "#landlord #live2d",
            "text": ["呐，你想变成什么颜色？", "如果是这样的话，那就从我的心中滚出去。","因为有以后，所以才有趣。", "如果因为害怕失败，而不去努力，那就不会有能够成功的人。", "要抹去懊悔，终究只有继续不断努力。"]
        }
    ]
}